qid,pred,gold,em,f1,inference_duration (s),inference_energy_consumed (kWh),inference_emissions (kg),retrieval_duration (s),retrieval_energy_consumed (kWh),retrieval_emissions (kg)
0,True,True,1,1.0,2.469908191000286,1.5192177335748136e-05,4.4607360752217736e-06,0.0,0.0,0.0
1,True,True,1,1.0,2.5910782190003374,1.4070330337174104e-05,4.131338697425036e-06,0.0,0.0,0.0
2,True,False,0,0.0,3.9767061399998056,2.9631599159368517e-05,8.700447632722238e-06,0.0,0.0,0.0
3,True,True,1,1.0,8.405348514999787,9.41249553063503e-05,2.7637024926354813e-05,0.0,0.0,0.0
4,True,True,1,1.0,4.26281191200178,3.1800573417258975e-05,9.33730313437788e-06,0.0,0.0,0.0
5,True,True,1,1.0,2.896409795999716,1.3951548508482575e-05,4.096461906783689e-06,0.0,0.0,0.0
6,True,False,0,0.0,2.2837677509996865,9.442230937500225e-06,2.7724334203480522e-06,0.0,0.0,0.0
7,True,False,0,0.0,8.385327570998925,0.00010793574222225556,3.169215633125331e-05,0.0,0.0,0.0
8,True,True,1,1.0,2.371448800999133,1.2769573333872046e-05,3.7494096584535384e-06,0.0,0.0,0.0
