model,context_used,dataset,dataset_version,f1,em,total_energy_kWh,inference_energy_kWh,retrieval_energy_kWh,total_emissions_kg,inference_emissions_kg,retrieval_emissions_kg,avg_time_s,total_time
DeepSeek-r1 8B (Base),False,BoolQ,128,0.546875,0.546875,0.024801,0.024801,0.000000,0.007282,0.007282,0.000000,72.538778,2:34:44
DeepSeek-r1 8B (RAG),True,BoolQ,128,0.585938,0.585938,0.015464,0.015457,0.000007,0.004541,0.004539,0.000002,45.333253,1:36:42
DeepSeek-r1 14B (Base),False,BoolQ,128,0.617188,0.617188,0.022193,0.022193,0.000000,0.006516,0.006516,0.000000,63.490630,2:15:26
DeepSeek-r1 14B (RAG),True,BoolQ,128,0.593750,0.593750,0.014824,0.014817,0.000007,0.004353,0.004351,0.000002,42.404193,1:30:27
DeepSeek-r1 32B (Base),False,BoolQ,128,0.695312,0.695312,0.044045,0.044045,0.000000,0.012932,0.012932,0.000000,120.702626,4:17:29
