model,context_used,dataset,dataset_version,f1,em,total_energy_kWh,inference_energy_kWh,retrieval_energy_kWh,total_emissions_kg,inference_emissions_kg,retrieval_emissions_kg,avg_time_s,total_time
Gemma3 4B (Base),False,BoolQ,full,0.599633,0.599633,0.000067,0.000067,0.000000,0.000019,0.000019,0.000000,0.238897,0:13:01
Gemma3 4B (RAG),True,BoolQ,full,0.830685,0.830685,0.000081,0.000074,0.000007,0.000017,0.000016,0.000001,0.293497,0:16:00
Gemma3 12B (Base),False,BoolQ,full,0.680318,0.680318,0.000085,0.000085,0.000000,0.000023,0.000023,0.000000,0.304952,0:16:37
Gemma3 12B (RAG),True,BoolQ,full,0.862164,0.862164,0.000117,0.000110,0.000008,0.000033,0.000031,0.000002,0.423838,0:23:06
Gemma3 27B (Base),False,BoolQ,full,0.731357,0.731357,0.000110,0.000110,0.000000,0.000032,0.000032,0.000000,0.396228,0:21:36
