model,context_used,dataset,dataset_version,f1,em,total_energy_kWh,inference_energy_kWh,retrieval_energy_kWh,total_emissions_kg,inference_emissions_kg,retrieval_emissions_kg,avg_time_s,total_time
Gemma3 4B (Base),False,BoolQ,128,0.554688,0.554688,0.000181,0.000181,0.000000,0.000053,0.000053,0.000000,0.628468,0:01:20
Gemma3 4B (RAG),True,BoolQ,128,0.625000,0.625000,0.000204,0.000197,0.000007,0.000060,0.000058,0.000002,0.700042,0:01:29
Gemma3 12B (Base),False,BoolQ,128,0.500000,0.500000,0.000531,0.000531,0.000000,0.000156,0.000156,0.000000,1.807045,0:03:51
Gemma3 12B (RAG),True,BoolQ,128,0.656250,0.656250,0.000320,0.000313,0.000007,0.000094,0.000092,0.000002,1.073275,0:02:17
Gemma3 27B (Base),False,BoolQ,128,0.656250,0.656250,0.000542,0.000542,0.000000,0.000159,0.000159,0.000000,1.828898,0:03:54
