model,type,thinking,params_B,f1,total_energy_kWh,perf_per_energy
Qwen3 0.6B (RAG),GS,True,0.6,0.41788,0.729739,0.5726430956821548
Qwen3 1.7B (RAG),GS,True,1.7,0.487544,0.535648,0.9101947547643228
Qwen3 32B (Base),Base,True,32.0,0.208871,9.438247,0.02213027482751829
Qwen3 32B (Base),Base,False,32.0,0.198143,0.337853,0.5864769589140839
